[
    
        {
            "id": 1,
            "nombreProducto":"Nest Mini",
            "marca":"Google"
        },
        {
            "id": 2,
            "nombreProducto":"Echo Dot 3",
            "marca":"Amazon"
        },
        {
            "id": 3,
            "nombreProducto":"Echo Dot 4",
            "marca":"Amazon"
        },
        {
            "id": 4,
            "nombreProducto":"Fire TV Stick",
            "marca":"Amazon"
        },
        {
            "id": 5,
            "nombreProducto":"Airtag",
            "marca":"Apple"
        },
        {
            "id": 6,
            "nombreProducto":"Chromecast",
            "marca":"Google"
        },
        {
            "id": 7,
            "nombreProducto":"Mi Home Security ",
            "marca":"Xiaomi"
        },
        {
            "id": 8,
            "nombreProducto":"My Body Composition scale 2",
            "marca":"Xiaomi"
        }
        
]
